[ 
    { 
        "author" : "Phenix-didipanda", 
        "name" : "Pandawa_bambou", 
        "keyWords" : "Pandawa", 
        "version" : "1.0.1", 
        "dofusVersion" : "2.37", 
        "description" : "théme basee dur la classe pandawa et repris sur le theme sadida_wood de Parkour Black .", 
        "url" : "https://www.fichier-zip.com/2016/10/26/phenix-pandawa-bambou/">fichier zip: Phenix_Pandawa_bambou.zip", 
        "previewUrl" : "", 
        "creationDate" : "16/10/2016", 
        "modificationDate" : "26/10/2016" 
    }
	]